<?xml version="1.0" encoding="UTF-8"?>

<Appointment xmlns="http://hl7.org/fhir">
  <id value="pia-001-v1"/>
  <text>
    <status value="generated"/><div xmlns="http://www.w3.org/1999/xhtml"><p><b>Generated Narrative with Details</b></p><p><b>id</b>: pia-001-v1</p><p><b>status</b>: proposed</p><p><b>serviceCategory</b>: 7 <span style="background: LightGoldenRodYellow">(Details : {[not stated] code '7' = '7)</span></p><p><b>serviceType</b>: 59 <span style="background: LightGoldenRodYellow">(Details : {[not stated] code '59' = '59)</span></p><p><b>description</b>: 1st appointment to plan diabetes care.</p><blockquote><p><b>participant</b></p><p><b>type</b>: PAT <span style="background: LightGoldenRodYellow">(Details : {[not stated] code 'PAT' = 'PAT)</span></p><p><b>required</b>: required</p><p><b>status</b>: needs-action</p></blockquote><blockquote><p><b>participant</b></p><p><b>type</b>: PPRF <span style="background: LightGoldenRodYellow">(Details : {[not stated] code 'PPRF' = 'PPRF)</span></p><p><b>actor</b>: <a href="{{[type]}}-{{[id]}}.html">Generated Summary: id: nathalie; Nathalie </a></p><p><b>required</b>: required</p><p><b>status</b>: needs-action</p></blockquote><p><b>requestedPeriod</b>: 14-Nov-2019 10:00:00 --&gt; 14-Nov-2019 10:30:00</p></div>
  </text>
  <status value="proposed"/>
  <serviceCategory>
    <coding>
      <code value="7"/>
    </coding>
  </serviceCategory>
  <serviceType>
    <coding>
      <code value="59"/>
    </coding>
  </serviceType>
  <description value="1st appointment to plan diabetes care."/>
  <participant>
    <type>
      <coding>
        <code value="PAT"/>
      </coding>
    </type>
    <required value="required"/>
    <status value="needs-action"/>
  </participant>
  <participant>
    <type>
      <coding>
        <code value="PPRF"/>
      </coding>
    </type>
    <actor>
      <reference value="Practitioner/nathalie"/>
    </actor>
    <required value="required"/>
    <status value="needs-action"/>
  </participant>
  <requestedPeriod>
    <start value="2019-11-14T09:00:00Z"/>
    <end value="2019-11-14T09:30:00Z"/>
  </requestedPeriod>
</Appointment>