<?xml version="1.0" encoding="UTF-8"?>

<Communication xmlns="http://hl7.org/fhir">
  <id value="be.comm4.2"/>
  <meta>
    <profile value="https://www.ehealth.fgov.be/standards/fhir/StructureDefinition/be-communication"/>
  </meta>
  <language value="nl-BE"/>
  <text>
    <status value="generated"/><div xmlns="http://www.w3.org/1999/xhtml" xml:lang="nl-BE" lang="nl-BE"><p><b>Generated Narrative with Details</b></p><p><b>id</b>: be.comm4.2</p><p><b>meta</b>: </p><p><b>language</b>: nl-BE</p><p><b>identifier</b>: d0000000-0000-0000-0000-000000000008</p><p><b>basedOn</b>: </p><ul><li><a href="{{[type]}}-{{[id]}}.html">Generated Summary: id: be.comm4.1; language: nl-BE; d0000000-0000-0000-0000-000000000007; status: completed; <span title="Codes: ">notification</span>; sent: 11-Nov-2019 09:00:01</a></li><li>be.comm4.1</li></ul><p><b>status</b>: completed</p><p><b>category</b>: reminder <span style="background: LightGoldenRodYellow">(Details : {[not stated] code 'reminder' = 'reminder)</span></p><p><b>subject</b>: <a href="{{[type]}}-{{[id]}}.html">pia. Generated Summary: id: pia; Pia ; gender: female</a></p><p><b>sent</b>: 11-Nov-2019 09:15:01</p><p><b>recipient</b>: <a href="{{[type]}}-{{[id]}}.html">Nurses. Generated Summary: id: dzop-team-0002-nurses; DZOP-Pia-2020001; status: active; <span title="Codes: {http://loinc.org LA28866-4}">Home &amp; Community Based Services (HCBS)-focused care team</span>; name: Pia's 2020 Care Team for post-op care - Nurses and acaregivers ad-hoc team; period: ?? --&gt; 01-Jan-2013 00:00:00</a></p><p><b>sender</b>: <a href="{{[type]}}-{{[id]}}.html">DZOP. Generated Summary: id: dzop; name: DZOP</a></p><h3>Payloads</h3><table class="grid"><tr><td>-</td><td><b>Content[x]</b></td></tr><tr><td>*</td><td>Patient must be in hospital at 16h00 without food</td></tr></table></div>
  </text>
  <identifier>
    <value value="d0000000-0000-0000-0000-000000000008"/>
  </identifier>
  <basedOn>
    <reference value="Communication/be.comm4.1"/>
  </basedOn>
  <basedOn>
    <display value="be.comm4.1"/>
  </basedOn>
  <status value="completed"/>
  <category>
    <coding>
      <code value="reminder"/>
    </coding>
  </category>
  <subject>
    <reference value="Patient/pia"/>
    <display value="pia"/>
  </subject>
  <sent value="2019-11-11T09:15:01+01:00"/>
  <recipient>
    <reference value="CareTeam/dzop-team-0002-nurses"/>
    <display value="Nurses"/>
  </recipient>
  <sender>
    <reference value="Organization/dzop"/>
    <display value="DZOP"/>
  </sender>
  <payload>
    <contentString value="Patient must be in hospital at 16h00 without food"/>
  </payload>
</Communication>