<?xml version="1.0" encoding="UTF-8"?>

<NamingSystem xmlns="http://hl7.org/fhir">
  <id value="be-ehp"/>
  <text>
    <status value="generated"/><div xmlns="http://www.w3.org/1999/xhtml"><p><b>Generated Narrative with Details</b></p><p><b>id</b>: be-ehp</p><p><b>name</b>: BeEhealthPartnerIDNamingSystem</p><p><b>status</b>: active</p><p><b>kind</b>: identifier</p><p><b>date</b>: 05-Jun-2019 00:00:00</p><p><b>publisher</b>: HL7 Belgium</p><p><b>contact</b>: </p><p><b>description</b>: EHP</p><p><b>jurisdiction</b>: Belgium <span style="background: LightGoldenRodYellow">(Details : {http://unstats.un.org/unsd/methods/m49/m49.htm code '056' = 'Belgium (BEL))</span></p><blockquote><p><b>uniqueId</b></p><p><b>type</b>: uri</p><p><b>value</b>: https://www.ehealth.fgov.be/standards/fhir/NamingSystem/ehp</p><p><b>preferred</b>: true</p></blockquote><blockquote><p><b>uniqueId</b></p><p><b>type</b>: oid</p><p><b>value</b>: 2.16.840.1.113883.3.6777.5.6</p><p><b>preferred</b>: false</p></blockquote></div>
  </text>
  <name value="BeEhealthPartnerIDNamingSystem"/>
  <status value="active"/>
  <kind value="identifier"/>
  <date value="2019-06-05T00:00:00+02:00"/>
  <publisher value="HL7 Belgium"/>
  <contact>
    <telecom>
      <system value="other"/>
      <value value="http://hl7.org/Special/committees/fiwg"/>
    </telecom>
  </contact>
  <description value="EHP"/>
  <jurisdiction>
    <coding>
      <system value="http://unstats.un.org/unsd/methods/m49/m49.htm"/>
      <code value="056"/>
    </coding>
    <text value="Belgium"/>
  </jurisdiction>
  <uniqueId>
    <type value="uri"/>
    <value value="https://www.ehealth.fgov.be/standards/fhir/NamingSystem/ehp"/>
    <preferred value="true"/>
  </uniqueId>
  <uniqueId>
    <type value="oid"/>
    <value value="2.16.840.1.113883.3.6777.5.6"/>
    <preferred value="false"/>
  </uniqueId>
</NamingSystem>