{"resourceType":"ImplementationGuide","id":"hl7.be.core","text":{"status":"generated","div":"<div xmlns=\"http://www.w3.org/1999/xhtml\"><h2>BaseIG</h2><p>The official URL for this implementation guide is: </p><pre>https://www.ehealth.fgov.be/standards/fhir/ImplementationGuide/hl7.be.core</pre><div><p>The Core Belgian Profiles provide the essential and common requirement for FHIR implementations in Belgium</p>\n</div></div>"},"url":"https://www.ehealth.fgov.be/standards/fhir/ImplementationGuide/hl7.be.core","name":"BaseIG","status":"draft","experimental":false,"date":"2019-10-14T10:38:11+02:00","publisher":"HL7 Belgium","contact":[{"telecom":[{"system":"other","value":"http://hl7.org/Special/committees/fiwg"}]}],"description":"The Core Belgian Profiles provide the essential and common requirement for FHIR implementations in Belgium","jurisdiction":[{"coding":[{"system":"http://unstats.un.org/unsd/methods/m49/m49.htm","code":"001"}]}],"fhirVersion":"4.0.0","package":[{"id":"logicalmodels","name":"Logical Models","description":"The common Belgian Logical Models - these can be mapped to KMEHR and FHIR","resource":[{"extension":[{"url":"http://hl7.org/fhir/StructureDefinition/implementationguide-page","valueUri":"lm-be-communication.html"}],"example":false,"name":"Logical Model Communication","description":"Communication / Diary Note logical model","sourceReference":{"reference":"StructureDefinition/lm-be-communication"}},{"extension":[{"url":"http://hl7.org/fhir/StructureDefinition/implementationguide-page","valueUri":"be-careplan.html"}],"example":false,"name":"Logical Model Care Plan","description":"Care Plan logical model","sourceReference":{"reference":"StructureDefinition/be-careplan"}}]},{"id":"core","name":"Core Profiles","description":"Core resources to be reused in other resources","resource":[{"extension":[{"url":"http://hl7.org/fhir/StructureDefinition/implementationguide-page","valueUri":"be-patient.html"}],"example":false,"name":"BE Patient profile","description":"Core Belgian Patient profile","sourceReference":{"reference":"StructureDefinition/be-patient"}},{"extension":[{"url":"http://hl7.org/fhir/StructureDefinition/implementationguide-page","valueUri":"be-practitioner.html"}],"example":false,"name":"BE Practitioner profile","description":"Core Belgian Practitioner profile","sourceReference":{"reference":"StructureDefinition/be-practitioner"}},{"extension":[{"url":"http://hl7.org/fhir/StructureDefinition/implementationguide-page","valueUri":"be-practitionerrole.html"}],"example":false,"name":"BE Practitioner Role profile","description":"Core Belgian Practitioner Role profile","sourceReference":{"reference":"StructureDefinition/be-practitionerrole"}}]},{"id":"communication","name":"Communication","description":"Communication, also known as Journal entry","resource":[{"extension":[{"url":"http://hl7.org/fhir/StructureDefinition/implementationguide-page","valueUri":"be-communication.html"}],"example":false,"name":"Communication Profile","description":"Communication / Diary Note profile","sourceReference":{"reference":"StructureDefinition/be-communication"}}]},{"id":"condition","name":"Conditions","description":"Resource profiles defined for conditions","resource":[{"extension":[{"url":"http://hl7.org/fhir/StructureDefinition/implementationguide-page","valueUri":"be-allergyintolerance.html"}],"example":false,"name":"Allergy Intolerance core BE profile","description":"The Core BE profile for Allergy Intolerance","sourceReference":{"reference":"StructureDefinition/be-allergyintolerance"}}]},{"id":"terminology","name":"Terminology","description":"Terminology resources - ValueSets and CodeSystems","resource":[{"extension":[{"url":"http://hl7.org/fhir/StructureDefinition/implementationguide-page","valueUri":"valueset-be-diarytopic.html"}],"example":false,"name":"ValueSet - CommunicationTopic","description":"The values for communication topic","sourceReference":{"reference":"ValueSet/be-diarytopic"}},{"extension":[{"url":"http://hl7.org/fhir/StructureDefinition/implementationguide-page","valueUri":"valueset-be-contactperson.html"}],"example":false,"name":"ValueSet - Contact Person","description":"The values for Contact Person type","sourceReference":{"reference":"ValueSet/be-contactperson"}},{"extension":[{"url":"http://hl7.org/fhir/StructureDefinition/implementationguide-page","valueUri":"valueset-be-causativeagent.html"}],"example":false,"name":"ValueSet - Contact Person","description":"The list of causative agents","sourceReference":{"reference":"ValueSet/be-causativeagent"}},{"extension":[{"url":"http://hl7.org/fhir/StructureDefinition/implementationguide-page","valueUri":"valueset-be-riskmanifestation.html"}],"example":false,"name":"ValueSet - Risk Manifestation","description":"The values for Risk Manifestation","sourceReference":{"reference":"ValueSet/be-riskmanifestation"}},{"extension":[{"url":"http://hl7.org/fhir/StructureDefinition/implementationguide-page","valueUri":"valueset-be-civilstate.html"}],"example":false,"name":"ValueSet - Civil State","description":"The values for Civil State","sourceReference":{"reference":"ValueSet/be-civilstate"}}]}],"page":{"source":"toc.html","title":"Table of Contents","kind":"page","page":[{"source":"index.html","title":"BE Core Home Page","kind":"page"},{"source":"artifacts.html","title":"Artifact List","kind":"page","page":[{"source":"lm-be-communication.html","title":"Logical Model Communication","kind":"resource"},{"source":"be-careplan.html","title":"Logical Model Care Plan","kind":"resource"},{"source":"be-patient.html","title":"BE Patient profile","kind":"resource"},{"source":"be-practitioner.html","title":"BE Practitioner profile","kind":"resource"},{"source":"be-practitionerrole.html","title":"BE Practitioner Role profile","kind":"resource"},{"source":"be-communication.html","title":"Communication Profile","kind":"resource"},{"source":"be-allergyintolerance.html","title":"Allergy Intolerance core BE profile","kind":"resource"},{"source":"valueset-be-diarytopic.html","title":"ValueSet - CommunicationTopic","kind":"resource"},{"source":"valueset-be-contactperson.html","title":"ValueSet - Contact Person","kind":"resource"},{"source":"valueset-be-causativeagent.html","title":"ValueSet - Contact Person","kind":"resource"},{"source":"valueset-be-riskmanifestation.html","title":"ValueSet - Risk Manifestation","kind":"resource"},{"source":"valueset-be-civilstate.html","title":"ValueSet - Civil State","kind":"resource"}]},{"source":"downloads.html","title":"Useful Downloads","kind":"page"},{"source":"changes.html","title":"IG Change History","kind":"page"}]}}