<?xml version="1.0" encoding="UTF-8"?><CodeSystem xmlns="http://hl7.org/fhir"><id value="cd-contact-person"/><text><status value="generated"/><div xmlns="http://www.w3.org/1999/xhtml"><h2>ContactPerson</h2><div><p>Contact person in Belgium.</p>
</div><p>This code system https://www.ehealth.fgov.be/standards/fhir/CodeSystem/cd-contact-person defines the following codes:</p><table class="codes"><tr><td style="white-space:nowrap"><b>Code</b></td><td><b>Display</b></td><td><b>Definition</b></td></tr><tr><td style="white-space:nowrap">father<a name="cd-contact-person-father"> </a></td><td>father</td><td/></tr><tr><td style="white-space:nowrap">mother<a name="cd-contact-person-mother"> </a></td><td>mother</td><td/></tr><tr><td style="white-space:nowrap">child<a name="cd-contact-person-child"> </a></td><td>child</td><td/></tr><tr><td style="white-space:nowrap">spouse<a name="cd-contact-person-spouse"> </a></td><td>spouse</td><td/></tr><tr><td style="white-space:nowrap">husband<a name="cd-contact-person-husband"> </a></td><td>husband</td><td/></tr><tr><td style="white-space:nowrap">partner<a name="cd-contact-person-partner"> </a></td><td>partner</td><td/></tr><tr><td style="white-space:nowrap">brother<a name="cd-contact-person-brother"> </a></td><td>brother</td><td/></tr><tr><td style="white-space:nowrap">sister<a name="cd-contact-person-sister"> </a></td><td>sister</td><td/></tr><tr><td style="white-space:nowrap">brotherinlaw<a name="cd-contact-person-brotherinlaw"> </a></td><td>brotherinlaw</td><td/></tr><tr><td style="white-space:nowrap">tutor<a name="cd-contact-person-tutor"> </a></td><td>tutor</td><td/></tr><tr><td style="white-space:nowrap">notary<a name="cd-contact-person-notary"> </a></td><td>notary</td><td/></tr><tr><td style="white-space:nowrap">lawyer<a name="cd-contact-person-lawyer"> </a></td><td>lawyer</td><td/></tr><tr><td style="white-space:nowrap">employer<a name="cd-contact-person-employer"> </a></td><td>employer</td><td/></tr><tr><td style="white-space:nowrap">grandparent<a name="cd-contact-person-grandparent"> </a></td><td>grandparent</td><td/></tr><tr><td style="white-space:nowrap">son<a name="cd-contact-person-son"> </a></td><td>son</td><td/></tr><tr><td style="white-space:nowrap">daughter<a name="cd-contact-person-daughter"> </a></td><td>daughter</td><td/></tr><tr><td style="white-space:nowrap">grandchild<a name="cd-contact-person-grandchild"> </a></td><td>grandchild</td><td/></tr><tr><td style="white-space:nowrap">neighbour<a name="cd-contact-person-neighbour"> </a></td><td>neighbour</td><td/></tr><tr><td style="white-space:nowrap">stepson<a name="cd-contact-person-stepson"> </a></td><td>stepson</td><td/></tr><tr><td style="white-space:nowrap">stepdaughter<a name="cd-contact-person-stepdaughter"> </a></td><td>stepdaughter</td><td/></tr><tr><td style="white-space:nowrap">stepfather<a name="cd-contact-person-stepfather"> </a></td><td>stepfather</td><td/></tr><tr><td style="white-space:nowrap">stepmother<a name="cd-contact-person-stepmother"> </a></td><td>stepmother</td><td/></tr><tr><td style="white-space:nowrap">sisterinlaw<a name="cd-contact-person-sisterinlaw"> </a></td><td>sisterinlaw</td><td/></tr></table></div></text><url value="https://www.ehealth.fgov.be/standards/fhir/CodeSystem/cd-contact-person"/><version value="0.1.0"/><name value="ContactPerson"/><title value="ContactPerson"/><status value="active"/><experimental value="false"/><date value="2020-02-25T01:28:53+01:00"/><publisher value="HL7 Belgium"/><contact><telecom><system value="other"/><value value="http://hl7.org/Special/committees/fiwg"/></telecom></contact><description value="Contact person in Belgium."/><jurisdiction><coding><system value="http://unstats.un.org/unsd/methods/m49/m49.htm"/><code value="056"/></coding><text value="Belgium"/></jurisdiction><caseSensitive value="false"/><content value="complete"/><concept><code value="father"/><display value="father"/><designation><language value="en"/><value value="father"/></designation></concept><concept><code value="mother"/><display value="mother"/><designation><language value="en"/><value value="mother"/></designation></concept><concept><code value="child"/><display value="child"/><designation><language value="en"/><value value="child"/></designation></concept><concept><code value="spouse"/><display value="spouse"/><designation><language value="en"/><value value="spouse"/></designation></concept><concept><code value="husband"/><display value="husband"/><designation><language value="en"/><value value="husband"/></designation></concept><concept><code value="partner"/><display value="partner"/><designation><language value="en"/><value value="partner"/></designation></concept><concept><code value="brother"/><display value="brother"/><designation><language value="en"/><value value="brother"/></designation></concept><concept><code value="sister"/><display value="sister"/><designation><language value="en"/><value value="sister"/></designation></concept><concept><code value="brotherinlaw"/><display value="brotherinlaw"/><designation><language value="en"/><value value="brother-in-law"/></designation></concept><concept><code value="tutor"/><display value="tutor"/><designation><language value="en"/><value value="tutor"/></designation></concept><concept><code value="notary"/><display value="notary"/><designation><language value="en"/><value value="notary"/></designation></concept><concept><code value="lawyer"/><display value="lawyer"/><designation><language value="en"/><value value="lawyer"/></designation></concept><concept><code value="employer"/><display value="employer"/><designation><language value="en"/><value value="employer"/></designation></concept><concept><code value="grandparent"/><display value="grandparent"/><designation><language value="en"/><value value="grandparent"/></designation></concept><concept><code value="son"/><display value="son"/><designation><language value="en"/><value value="son"/></designation></concept><concept><code value="daughter"/><display value="daughter"/><designation><language value="en"/><value value="daughter"/></designation></concept><concept><code value="grandchild"/><display value="grandchild"/><designation><language value="en"/><value value="grandchild"/></designation></concept><concept><code value="neighbour"/><display value="neighbour"/><designation><language value="en"/><value value="neighbour"/></designation></concept><concept><code value="stepson"/><display value="stepson"/><designation><language value="en"/><value value="stepson"/></designation></concept><concept><code value="stepdaughter"/><display value="stepdaughter"/><designation><language value="en"/><value value="stepdaughter"/></designation></concept><concept><code value="stepfather"/><display value="stepfather"/><designation><language value="en"/><value value="stepfather"/></designation></concept><concept><code value="stepmother"/><display value="stepmother"/><designation><language value="en"/><value value="stepmother"/></designation></concept><concept><code value="sisterinlaw"/><display value="sisterinlaw"/><designation><language value="en"/><value value="sisterinlaw"/></designation></concept></CodeSystem>