<?xml version="1.0" encoding="UTF-8"?><ImplementationGuide xmlns="http://hl7.org/fhir"><id value="hl7.be.core"/><text><status value="generated"/><div xmlns="http://www.w3.org/1999/xhtml"><h2>BaseIG</h2><p>The official URL for this implementation guide is: </p><pre>https://www.ehealth.fgov.be/standards/fhir/ImplementationGuide/hl7.be.core</pre><div><p>The Core Belgian Profiles provide the essential and common requirement for FHIR implementations in Belgium</p>
</div></div></text><url value="https://www.ehealth.fgov.be/standards/fhir/ImplementationGuide/hl7.be.core"/><version value="0.1.0"/><name value="BaseIG"/><title value="FHIR Belgium Base IG"/><status value="draft"/><experimental value="false"/><date value="2019-11-16T15:29:14+01:00"/><publisher value="HL7 Belgium"/><contact><telecom><system value="other"/><value value="http://hl7.org/Special/committees/fiwg"/></telecom></contact><description value="The Core Belgian Profiles provide the essential and common requirement for FHIR implementations in Belgium"/><jurisdiction><coding><system value="http://unstats.un.org/unsd/methods/m49/m49.htm"/><code value="001"/></coding></jurisdiction><packageId value="hl7.be.core"/><license value="CC0-1.0"/><fhirVersion value="4.0.1"/><definition><grouping id="logicalmodels"><name value="Logical Models"/><description value="The common Belgian Logical Models - these can be mapped to KMEHR and FHIR"/></grouping><grouping id="core"><name value="Core Profiles"/><description value="Core resources to be reused in other resources"/></grouping><grouping id="communication"><name value="Communication"/><description value="Communication and Care Coordination"/></grouping><grouping id="condition"><name value="Conditions"/><description value="Resource profiles defined for conditions"/></grouping><grouping id="terminology"><name value="Terminology"/><description value="Terminology resources - ValueSets and CodeSystems"/></grouping><grouping id="examples"><name value="Examples"/><description value="Example resources"/></grouping><resource><extension url="http://hl7.org/fhir/StructureDefinition/implementationguide-page"><valueUri value="valueset-be-diarytopic.html"/></extension><reference><reference value="ValueSet/be-diarytopic"/></reference><fhirVersion value="4.0.1"/><name value="ValueSet - CommunicationTopic"/><description value="The values for communication topic"/><groupingId value="terminology"/></resource><resource><extension url="http://hl7.org/fhir/StructureDefinition/implementationguide-page"><valueUri value="be-diarytopic.html"/></extension><reference><reference value="CodeSystem/be-diarytopic"/></reference><fhirVersion value="4.0.1"/><name value="CodeSystem - CommunicationTopic"/><description value="The values for communication topic"/><groupingId value="terminology"/></resource><resource><extension url="http://hl7.org/fhir/StructureDefinition/implementationguide-page"><valueUri value="be-allergyintolerance.html"/></extension><reference><reference value="StructureDefinition/be-allergyintolerance"/></reference><fhirVersion value="4.0.1"/><name value="Allergy Intolerance core BE profile"/><description value="The Core BE profile for Allergy Intolerance"/><groupingId value="condition"/></resource><resource><extension url="http://hl7.org/fhir/StructureDefinition/implementationguide-page"><valueUri value="valueset-be-contactperson.html"/></extension><reference><reference value="ValueSet/be-contactperson"/></reference><fhirVersion value="4.0.1"/><name value="ValueSet - Contact Person"/><description value="The values for Contact Person type"/><groupingId value="terminology"/></resource><resource><extension url="http://hl7.org/fhir/StructureDefinition/implementationguide-page"><valueUri value="be-contactperson.html"/></extension><reference><reference value="CodeSystem/be-contactperson"/></reference><fhirVersion value="4.0.1"/><name value="CodeSystem - Contact Person"/><description value="The values for Contact Person type"/><groupingId value="terminology"/></resource><resource><extension url="http://hl7.org/fhir/StructureDefinition/implementationguide-page"><valueUri value="valueset-be-causativeagent.html"/></extension><reference><reference value="ValueSet/be-causativeagent"/></reference><fhirVersion value="4.0.1"/><name value="ValueSet - Contact Person"/><description value="The list of causative agents"/><groupingId value="terminology"/></resource><resource><extension url="http://hl7.org/fhir/StructureDefinition/implementationguide-page"><valueUri value="valueset-be-riskmanifestation.html"/></extension><reference><reference value="ValueSet/be-riskmanifestation"/></reference><fhirVersion value="4.0.1"/><name value="ValueSet - Risk Manifestation"/><description value="The values for Risk Manifestation"/><groupingId value="terminology"/></resource><resource><extension url="http://hl7.org/fhir/StructureDefinition/implementationguide-page"><valueUri value="lm-be-communication.html"/></extension><reference><reference value="StructureDefinition/lm-be-communication"/></reference><fhirVersion value="4.0.1"/><name value="Logical Model Communication"/><description value="Communication / Diary Note logical model"/><groupingId value="logicalmodels"/></resource><resource><extension url="http://hl7.org/fhir/StructureDefinition/implementationguide-page"><valueUri value="be-communication.html"/></extension><reference><reference value="StructureDefinition/be-communication"/></reference><fhirVersion value="4.0.1"/><name value="Communication Profile"/><description value="Communication / Diary Note profile"/><groupingId value="communication"/></resource><resource><extension url="http://hl7.org/fhir/StructureDefinition/implementationguide-page"><valueUri value="lm-be-careplan.html"/></extension><reference><reference value="StructureDefinition/lm-be-careplan"/></reference><fhirVersion value="4.0.1"/><name value="Logical Model Care Plan"/><description value="Care Plan logical model"/><groupingId value="logicalmodels"/></resource><resource><extension url="http://hl7.org/fhir/StructureDefinition/implementationguide-page"><valueUri value="be-patient.html"/></extension><reference><reference value="StructureDefinition/be-patient"/></reference><fhirVersion value="4.0.1"/><name value="BE Patient profile"/><description value="Core Belgian Patient profile"/><groupingId value="core"/></resource><resource><extension url="http://hl7.org/fhir/StructureDefinition/implementationguide-page"><valueUri value="valueset-be-civilstate.html"/></extension><reference><reference value="ValueSet/be-civilstate"/></reference><fhirVersion value="4.0.1"/><name value="ValueSet - Civil State"/><description value="The values for Civil State"/><groupingId value="terminology"/></resource><resource><extension url="http://hl7.org/fhir/StructureDefinition/implementationguide-page"><valueUri value="be-civilstate.html"/></extension><reference><reference value="CodeSystem/be-civilstate"/></reference><fhirVersion value="4.0.1"/><name value="CodeSystem - Civil State"/><description value="The official values for Civil State"/><groupingId value="terminology"/></resource><resource><extension url="http://hl7.org/fhir/StructureDefinition/implementationguide-page"><valueUri value="be-careplan.html"/></extension><reference><reference value="StructureDefinition/be-careplan"/></reference><fhirVersion value="4.0.1"/><name value="Care Plan profile"/><groupingId value="communication"/></resource><resource><extension url="http://hl7.org/fhir/StructureDefinition/implementationguide-page"><valueUri value="be-careteam.html"/></extension><reference><reference value="StructureDefinition/be-careteam"/></reference><fhirVersion value="4.0.1"/><name value="Care Team profile"/><groupingId value="communication"/></resource><resource><extension url="http://hl7.org/fhir/StructureDefinition/implementationguide-page"><valueUri value="string320.html"/></extension><reference><reference value="StructureDefinition/string320"/></reference><fhirVersion value="4.0.1"/><name value="String 320"/><description value="String with up to 320 characters"/><groupingId value="core"/></resource><resource><extension url="http://hl7.org/fhir/StructureDefinition/implementationguide-page"><valueUri value="be-communicationclient.html"/></extension><reference><reference value="CapabilityStatement/be-communicationclient"/></reference><fhirVersion value="4.0.1"/><name value="Communication Apps"/><groupingId value="core"/></resource><resource><extension url="http://hl7.org/fhir/StructureDefinition/implementationguide-page"><valueUri value="be-hcparty.html"/></extension><reference><reference value="CodeSystem/be-hcparty"/></reference><fhirVersion value="4.0.1"/><name value="CodeSystem - Healthcare Party"/><description value="The values for healthcare party types"/><groupingId value="terminology"/></resource><resource><extension url="http://hl7.org/fhir/StructureDefinition/implementationguide-page"><valueUri value="be.comm1.html"/></extension><reference><reference value="Communication/be.comm1"/></reference><fhirVersion value="4.0.1"/><name value="Communication example 1"/><description value="New message from DZOP to nurse"/><exampleCanonical value="https://www.ehealth.fgov.be/standards/fhir/StructureDefinition/be-communication"/><groupingId value="examples"/></resource><resource><extension url="http://hl7.org/fhir/StructureDefinition/implementationguide-page"><valueUri value="be.comm2.1.html"/></extension><reference><reference value="Communication/be.comm2.1"/></reference><fhirVersion value="4.0.1"/><name value="Communication example 2"/><description value="Long message - part 1"/><exampleCanonical value="https://www.ehealth.fgov.be/standards/fhir/StructureDefinition/be-communication"/><groupingId value="examples"/></resource><resource><extension url="http://hl7.org/fhir/StructureDefinition/implementationguide-page"><valueUri value="be.comm2.2.html"/></extension><reference><reference value="Communication/be.comm2.2"/></reference><fhirVersion value="4.0.1"/><name value="Communication example 3"/><description value="Long message - part 2"/><exampleCanonical value="https://www.ehealth.fgov.be/standards/fhir/StructureDefinition/be-communication"/><groupingId value="examples"/></resource><resource><extension url="http://hl7.org/fhir/StructureDefinition/implementationguide-page"><valueUri value="be.comm2.3.html"/></extension><reference><reference value="Communication/be.comm2.3"/></reference><fhirVersion value="4.0.1"/><name value="Communication example 4"/><description value="Long message - part 3"/><exampleCanonical value="https://www.ehealth.fgov.be/standards/fhir/StructureDefinition/be-communication"/><groupingId value="examples"/></resource><resource><extension url="http://hl7.org/fhir/StructureDefinition/implementationguide-page"><valueUri value="be.comm3.1.html"/></extension><reference><reference value="Communication/be.comm3.1"/></reference><fhirVersion value="4.0.1"/><name value="Communication example 5"/><description value="Send notice / question"/><exampleCanonical value="https://www.ehealth.fgov.be/standards/fhir/StructureDefinition/be-communication"/><groupingId value="examples"/></resource><resource><extension url="http://hl7.org/fhir/StructureDefinition/implementationguide-page"><valueUri value="be.comm3.2.html"/></extension><reference><reference value="Communication/be.comm3.2"/></reference><fhirVersion value="4.0.1"/><name value="Communication example 6"/><description value="Reply to question"/><exampleCanonical value="https://www.ehealth.fgov.be/standards/fhir/StructureDefinition/be-communication"/><groupingId value="examples"/></resource><resource><extension url="http://hl7.org/fhir/StructureDefinition/implementationguide-page"><valueUri value="be.comm4.1.html"/></extension><reference><reference value="Communication/be.comm4.1"/></reference><fhirVersion value="4.0.1"/><name value="Communication example 7"/><description value="Send notification"/><exampleCanonical value="https://www.ehealth.fgov.be/standards/fhir/StructureDefinition/be-communication"/><groupingId value="examples"/></resource><resource><extension url="http://hl7.org/fhir/StructureDefinition/implementationguide-page"><valueUri value="be.comm4.2.html"/></extension><reference><reference value="Communication/be.comm4.2"/></reference><fhirVersion value="4.0.1"/><name value="Communication example 8"/><description value="Send reminder"/><exampleCanonical value="https://www.ehealth.fgov.be/standards/fhir/StructureDefinition/be-communication"/><groupingId value="examples"/></resource><resource><extension url="http://hl7.org/fhir/StructureDefinition/implementationguide-page"><valueUri value="be.comm5.1.html"/></extension><reference><reference value="Communication/be.comm5.1"/></reference><fhirVersion value="4.0.1"/><name value="Communication example 9"/><description value="Send attachment"/><exampleCanonical value="https://www.ehealth.fgov.be/standards/fhir/StructureDefinition/be-communication"/><groupingId value="examples"/></resource><resource><extension url="http://hl7.org/fhir/StructureDefinition/implementationguide-page"><valueUri value="be.comm5.2.html"/></extension><reference><reference value="Communication/be.comm5.2"/></reference><fhirVersion value="4.0.1"/><name value="Communication example 10"/><description value="Forward existing attachment"/><exampleCanonical value="https://www.ehealth.fgov.be/standards/fhir/StructureDefinition/be-communication"/><groupingId value="examples"/></resource><resource><extension url="http://hl7.org/fhir/StructureDefinition/implementationguide-page"><valueUri value="be.comm6.html"/></extension><reference><reference value="Communication/be.comm6"/></reference><fhirVersion value="4.0.1"/><name value="Communication example 11"/><description value="High-priority notification"/><exampleCanonical value="https://www.ehealth.fgov.be/standards/fhir/StructureDefinition/be-communication"/><groupingId value="examples"/></resource><resource><extension url="http://hl7.org/fhir/StructureDefinition/implementationguide-page"><valueUri value="peter.html"/></extension><reference><reference value="Patient/peter"/></reference><fhirVersion value="4.0.1"/><name value="Peter"/><description value="Peter"/><exampleCanonical value="https://www.ehealth.fgov.be/standards/fhir/StructureDefinition/be-patient"/><groupingId value="examples"/></resource><page><nameUrl value="toc.html"/><title value="Table of Contents"/><generation value="html"/><page><nameUrl value="index.html"/><title value="BE Core Home Page"/><generation value="html"/></page><page><nameUrl value="conventions.html"/><title value="Conventions"/><generation value="markdown"/></page><page><nameUrl value="functional-overview.html"/><title value="Functional Description"/><generation value="markdown"/></page><page><nameUrl value="logical-models.html"/><title value="Logical Data Models"/><generation value="markdown"/></page><page><nameUrl value="artifacts.html"/><title value="Artifacts"/><generation value="html"/><page><nameUrl value="lm-be-communication.html"/><title value="Logical Model Communication"/><generation value="generated"/></page><page><nameUrl value="lm-be-careplan.html"/><title value="Logical Model Care Plan"/><generation value="generated"/></page><page><nameUrl value="be-patient.html"/><title value="BE Patient profile"/><generation value="generated"/></page><page><nameUrl value="string320.html"/><title value="String 320"/><generation value="generated"/></page><page><nameUrl value="be-communicationclient.html"/><title value="Communication Apps"/><generation value="generated"/></page><page><nameUrl value="be-communication.html"/><title value="Communication Profile"/><generation value="generated"/></page><page><nameUrl value="be-careplan.html"/><title value="Care Plan profile"/><generation value="generated"/></page><page><nameUrl value="be-careteam.html"/><title value="Care Team profile"/><generation value="generated"/></page><page><nameUrl value="be-allergyintolerance.html"/><title value="Allergy Intolerance core BE profile"/><generation value="generated"/></page><page><nameUrl value="valueset-be-diarytopic.html"/><title value="ValueSet - CommunicationTopic"/><generation value="generated"/></page><page><nameUrl value="be-diarytopic.html"/><title value="CodeSystem - CommunicationTopic"/><generation value="generated"/></page><page><nameUrl value="valueset-be-contactperson.html"/><title value="ValueSet - Contact Person"/><generation value="generated"/></page><page><nameUrl value="be-contactperson.html"/><title value="CodeSystem - Contact Person"/><generation value="generated"/></page><page><nameUrl value="valueset-be-causativeagent.html"/><title value="ValueSet - Contact Person"/><generation value="generated"/></page><page><nameUrl value="valueset-be-riskmanifestation.html"/><title value="ValueSet - Risk Manifestation"/><generation value="generated"/></page><page><nameUrl value="valueset-be-civilstate.html"/><title value="ValueSet - Civil State"/><generation value="generated"/></page><page><nameUrl value="be-civilstate.html"/><title value="CodeSystem - Civil State"/><generation value="generated"/></page><page><nameUrl value="be-hcparty.html"/><title value="CodeSystem - Healthcare Party"/><generation value="generated"/></page><page><nameUrl value="be.comm1.html"/><title value="Communication example 1"/><generation value="generated"/></page><page><nameUrl value="be.comm2.1.html"/><title value="Communication example 2"/><generation value="generated"/></page><page><nameUrl value="be.comm2.2.html"/><title value="Communication example 3"/><generation value="generated"/></page><page><nameUrl value="be.comm2.3.html"/><title value="Communication example 4"/><generation value="generated"/></page><page><nameUrl value="be.comm3.1.html"/><title value="Communication example 5"/><generation value="generated"/></page><page><nameUrl value="be.comm3.2.html"/><title value="Communication example 6"/><generation value="generated"/></page><page><nameUrl value="be.comm4.1.html"/><title value="Communication example 7"/><generation value="generated"/></page><page><nameUrl value="be.comm4.2.html"/><title value="Communication example 8"/><generation value="generated"/></page><page><nameUrl value="be.comm5.1.html"/><title value="Communication example 9"/><generation value="generated"/></page><page><nameUrl value="be.comm5.2.html"/><title value="Communication example 10"/><generation value="generated"/></page><page><nameUrl value="be.comm6.html"/><title value="Communication example 11"/><generation value="generated"/></page><page><nameUrl value="peter.html"/><title value="Peter"/><generation value="generated"/></page></page><page><nameUrl value="example-resources.html"/><title value="Example Resources"/><generation value="markdown"/></page><page><nameUrl value="example-scenarios.html"/><title value="Example Scenarios"/><generation value="markdown"/></page><page><nameUrl value="downloads.html"/><title value="Useful Downloads"/><generation value="html"/></page><page><nameUrl value="changes.html"/><title value="IG Change History"/><generation value="html"/></page></page><parameter><code value="path-resource"/><value value="input/capabilities"/></parameter><parameter><code value="path-resource"/><value value="input/examples"/></parameter><parameter><code value="path-resource"/><value value="input/extensions"/></parameter><parameter><code value="path-resource"/><value value="input/models"/></parameter><parameter><code value="path-resource"/><value value="input/operations"/></parameter><parameter><code value="path-resource"/><value value="input/profiles"/></parameter><parameter><code value="path-resource"/><value value="input/resources"/></parameter><parameter><code value="path-resource"/><value value="input/vocabulary"/></parameter><parameter><code value="path-pages"/><value value="input/pagecontent"/></parameter><parameter><code value="path-pages"/><value value="input/images"/></parameter><parameter><code value="path-qa"/><value value="temp/qa"/></parameter><parameter><code value="path-temp"/><value value="temp/pages"/></parameter><parameter><code value="path-output"/><value value="output"/></parameter><parameter><code value="path-tx-cache"/><value value="input-cache/txcache"/></parameter><parameter><code value="path-suppressed-warnings"/><value value="input/ignoreWarnings.txt"/></parameter><parameter><code value="template-html"/><value value="template-page.html"/></parameter><parameter><code value="template-md"/><value value="template-page-md.html"/></parameter><parameter><code value="apply-contact"/><value value="true"/></parameter><parameter><code value="apply-context"/><value value="true"/></parameter><parameter><code value="apply-copyright"/><value value="true"/></parameter><parameter><code value="apply-jurisdiction"/><value value="true"/></parameter><parameter><code value="apply-license"/><value value="true"/></parameter><parameter><code value="apply-publisher"/><value value="true"/></parameter><parameter><code value="apply-version"/><value value="true"/></parameter></definition></ImplementationGuide>