"Path","Slice Name","Alias(s)","Label","Min","Max","Must Support?","Is Modifier?","Is Summary?","Type(s)","Short","Definition","Comments","Requirements","Default Value","Meaning When Missing","Fixed Value","Pattern","Example","Minimum Value","Maximum Value","Maximum Length","Binding Strength","Binding Description","Binding Value Set","Code","Slicing Discriminator","Slicing Description","Slicing Ordered","Slicing Rules","Base Path","Base Min","Base Max","Condition(s)","Constraint(s)","Mapping: HL7 v2 Mapping","Mapping: RIM Mapping","Mapping: ServD","Mapping: FiveWs Pattern Mapping"
"Practitioner","","","",0,*,"","","","","A person with a  formal responsibility in the provisioning of healthcare or related services","A person who is directly or indirectly involved in the provisioning of healthcare.","","","","","","","","","",,,,,"",,,,"Practitioner",0,*,"","dom-2:If the resource is contained in another resource, it SHALL NOT contain nested Resources {contained.contained.empty()}
dom-4:If a resource is contained in another resource, it SHALL NOT have a meta.versionId or a meta.lastUpdated {contained.meta.versionId.empty() and contained.meta.lastUpdated.empty()}dom-3:If the resource is contained in another resource, it SHALL be referred to from elsewhere in the resource or SHALL refer to the containing resource {contained.where((('#'+id in (%resource.descendants().reference | %resource.descendants().as(canonical) | %resource.descendants().as(uri) | %resource.descendants().as(url))) or descendants().where(reference = '#').exists() or descendants().where(as(canonical) = '#').exists() or descendants().where(as(canonical) = '#').exists()).not()).trace('unmatched', id).empty()}dom-6:A resource should have narrative for robust management {text.div.exists()}dom-5:If a resource is contained in another resource, it SHALL NOT have a security label {contained.meta.security.empty()}","PRD (as one example)","Entity. Role, or Act","Role","Provider"
"Practitioner.id","","","",0,1,"","","Y","id {[]} {[]}
","Logical id of this artifact","The logical id of the resource, as used in the URL for the resource. Once assigned, this value never changes.","The only time that a resource does not have an id is when it is being submitted to the server using a create operation.","","","","","","","","",,,,,"",,,,"Resource.id",0,1,"",""
"Practitioner.meta","","","",0,1,"","","Y","Meta {[]} {[]}
","Metadata about the resource","The metadata about the resource. This is content that is maintained by the infrastructure. Changes to the content might not always be associated with version changes to the resource.","","","","","","","","","",,,,,"",,,,"Resource.meta",0,1,"",""
"Practitioner.implicitRules","","","",0,1,"","Y","Y","uri {[]} {[]}
","A set of rules under which this content was created","A reference to a set of rules that were followed when the resource was constructed, and which must be understood when processing the content. Often, this is a reference to an implementation guide that defines the special rules along with other profiles etc.","Asserting this rule set restricts the content to be only understood by a limited set of trading partners. This inherently limits the usefulness of the data in the long term. However, the existing health eco-system is highly fractured, and not yet ready to define, collect, and exchange data in a generally computable sense. Wherever possible, implementers and/or specification writers should avoid using this element. Often, when used, the URL is a reference to an implementation guide that defines these special rules as part of it's narrative along with other profiles, value sets, etc.","","","","","","","","",,,,,"",,,,"Resource.implicitRules",0,1,"",""
"Practitioner.language","","","",0,1,"","","","code {[]} {[]}
","Language of the resource content","The base language in which the resource is written.","Language is provided to support indexing and accessibility (typically, services such as text to speech use the language tag). The html language tag in the narrative applies  to the narrative. The language tag on the resource may be used to specify the language of other presentations generated from the data in the resource. Not all the content has to be in the base language. The Resource.language should not be assumed to apply to the narrative automatically. If a language is specified, it should it also be specified on the div element in the html (see rules in HTML5 for information about the relationship between xml:lang and the html lang attribute).","","","","","","","","",,"preferred","A human language.","http://hl7.org/fhir/ValueSet/languages","",,,,"Resource.language",0,1,"",""
"Practitioner.text","","narrative
htmlxhtmldisplay","",0,1,"","","","Narrative {[]} {[]}
","Text summary of the resource, for human interpretation","A human-readable narrative that contains a summary of the resource and can be used to represent the content of the resource to a human. The narrative need not encode all the structured data, but is required to contain sufficient detail to make it ""clinically safe"" for a human to just read the narrative. Resource definitions may define what content should be represented in the narrative to ensure clinical safety.","Contained resources do not have narrative. Resources that are not contained SHOULD have a narrative. In some cases, a resource may only have text with little or no additional discrete data (as long as all minOccurs=1 elements are satisfied).  This may be necessary for data from legacy systems where information is captured as a ""text blob"" or where text is additionally entered raw or narrated and encoded information is added later.","","","","","","","","",,,,,"",,,,"DomainResource.text",0,1,"","","Act.text?"
"Practitioner.contained","","inline resources
anonymous resourcescontained resources","",0,*,"","","","Resource {[]} {[]}
","Contained, inline Resources","These resources do not have an independent existence apart from the resource that contains them - they cannot be identified independently, and nor can they have their own independent transaction scope.","This should never be done when the content can be identified properly, as once identification is lost, it is extremely difficult (and context dependent) to restore it again. Contained resources may have profiles and tags In their meta elements, but SHALL NOT have security labels.","","","","","","","","",,,,,"",,,,"DomainResource.contained",0,*,"","","N/A"
"Practitioner.extension","","extensions
user content","",0,*,"","","","Extension {[]} {[]}
","Additional content defined by implementations","May be used to represent additional information that is not part of the basic definition of the resource. To make the use of extensions safe and manageable, there is a strict set of governance  applied to the definition and use of extensions. Though any implementer can define an extension, there is a set of requirements that SHALL be met as part of the definition of the extension.","There can be no stigma associated with the use of extensions by any application, project, or standard - regardless of the institution or jurisdiction that uses or defines the extensions.  The use of extensions is what allows the FHIR specification to retain a core level of simplicity for everyone.","","","","","","","","",,,,,"",,,,"DomainResource.extension",0,*,"","","N/A"
"Practitioner.modifierExtension","","extensions
user content","",0,*,"","Y","","Extension {[]} {[]}
","Extensions that cannot be ignored","May be used to represent additional information that is not part of the basic definition of the resource and that modifies the understanding of the element that contains it and/or the understanding of the containing element's descendants. Usually modifier elements provide negation or qualification. To make the use of extensions safe and manageable, there is a strict set of governance applied to the definition and use of extensions. Though any implementer is allowed to define an extension, there is a set of requirements that SHALL be met as part of the definition of the extension. Applications processing a resource are required to check for modifier extensions.

Modifier extensions SHALL NOT change the meaning of any elements on Resource or DomainResource (including cannot change the meaning of modifierExtension itself).","There can be no stigma associated with the use of extensions by any application, project, or standard - regardless of the institution or jurisdiction that uses or defines the extensions.  The use of extensions is what allows the FHIR specification to retain a core level of simplicity for everyone.","Modifier extensions allow for extensions that *cannot* be safely ignored to be clearly distinguished from the vast majority of extensions which can be safely ignored.  This promotes interoperability by eliminating the need for implementers to prohibit the presence of extensions. For further information, see the [definition of modifier extensions](http://hl7.org/fhir/R4/extensibility.html#modifierExtension).","","","","","","","",,,,,"",,,,"DomainResource.modifierExtension",0,*,"","","N/A"
"Practitioner.identifier","","","",0,*,"","","Y","Identifier {[]} {[]}
","An identifier for the person as this agent","An identifier that applies to this person in this role.","","Often, specific identities are assigned for the agent.","","","","","","","",,,,,"","value:system}
","",,"open","Practitioner.identifier",0,*,"","","PRD-7 (or XCN.1)","./id","./Identifiers","FiveWs.identifier"
"Practitioner.identifier","NIHDI","","",0,*,"","","Y","Identifier {[]} {[]}
","An identifier for the person as this agent","An identifier that applies to this person in this role.","","Often, specific identities are assigned for the agent.","","","","","","","",,,,,"",,,,"Practitioner.identifier",0,*,"","","PRD-7 (or XCN.1)","./id","./Identifiers","FiveWs.identifier"
"Practitioner.identifier.id","","","",0,1,"","","","string {[]} {[]}
","Unique id for inter-element referencing","Unique id for the element within a resource (for internal references). This may be any string value that does not contain spaces.","","","","","","","","","",,,,,"",,,,"Element.id",0,1,"","","n/a"
"Practitioner.identifier.extension","","extensions
user content","",0,*,"","","","Extension {[]} {[]}
","Additional content defined by implementations","May be used to represent additional information that is not part of the basic definition of the element. To make the use of extensions safe and manageable, there is a strict set of governance  applied to the definition and use of extensions. Though any implementer can define an extension, there is a set of requirements that SHALL be met as part of the definition of the extension.","There can be no stigma associated with the use of extensions by any application, project, or standard - regardless of the institution or jurisdiction that uses or defines the extensions.  The use of extensions is what allows the FHIR specification to retain a core level of simplicity for everyone.","","","","","","","","",,,,,"","value:url}
","Extensions are always sliced by (at least) url",,"open","Element.extension",0,*,"","","n/a"
"Practitioner.identifier.use","","","",0,1,"","Y","Y","code {[]} {[]}
","usual | official | temp | secondary | old (If known)","The purpose of this identifier.","Applications can assume that an identifier is permanent unless it explicitly says that it is temporary.","Allows the appropriate identifier for a particular context of use to be selected from among a set of identifiers.","","","","","","","",,"required","Identifies the purpose for this identifier, if known .","http://hl7.org/fhir/ValueSet/identifier-use|4.0.0","",,,,"Identifier.use",0,1,"","","N/A","Role.code or implied by context"
"Practitioner.identifier.type","","","",0,1,"","","Y","CodeableConcept {[]} {[]}
","Description of identifier","A coded type for the identifier that can be used to determine which identifier to use for a specific purpose.","This element deals only with general categories of identifiers.  It SHOULD not be used for codes that correspond 1..1 with the Identifier.system. Some identifiers may fall into multiple categories due to common usage.   Where the system is known, a type is unnecessary because the type is always part of the system definition. However systems often need to handle identifiers where the system is not known. There is not a 1:1 relationship between type and system, since many different systems have the same type.","Allows users to make use of identifiers when the identifier system is not known.","","","","","","","",,"extensible","A coded type for an identifier that can be used to determine which identifier to use for a specific purpose.","http://hl7.org/fhir/ValueSet/identifier-type","",,,,"Identifier.type",0,1,"","","CX.5","Role.code or implied by context"
"Practitioner.identifier.system","","","",0,1,"","","Y","uri {[]} {[]}
","The namespace for the identifier value","Establishes the namespace for the value - that is, a URL that describes a set values that are unique.","Identifier.system is always case sensitive.","There are many sets  of identifiers.  To perform matching of two identifiers, we need to know what set we're dealing with. The system identifies a particular set of unique identifiers.","","","<valueUri xmlns=""http://hl7.org/fhir"" value=""https://www.ehealth.fgov.be/standards/fhir/NamingSystem/nihdi""/>","","<valueUri xmlns=""http://hl7.org/fhir"" value=""http://www.acme.com/identifiers/patient""/>","","",,,,,"",,,,"Identifier.system",0,1,"","","CX.4 / EI-2-4","II.root or Role.id.root","./IdentifierType"
"Practitioner.identifier.value","","","",0,1,"","","Y","string {[]} {[]}
","The value that is unique","The portion of the identifier typically relevant to the user and which is unique within the context of the system.","If the value is a full URI, then the system SHALL be urn:ietf:rfc:3986.  The value's primary purpose is computational mapping.  As a result, it may be normalized for comparison purposes (e.g. removing non-significant whitespace, dashes, etc.)  A value formatted for human display can be conveyed using the [Rendered Value extension](http://hl7.org/fhir/R4/extension-rendered-value.html). Identifier.value is to be treated as case sensitive unless knowledge of the Identifier.system allows the processer to be confident that non-case-sensitive processing is safe.","","","","","","<valueString xmlns=""http://hl7.org/fhir"" value=""123456""/>","","",,,,,"",,,,"Identifier.value",0,1,"","","CX.1 / EI.1","II.extension or II.root if system indicates OID or GUID (Or Role.id.extension or root)","./Value"
"Practitioner.identifier.period","","","",0,1,"","","Y","Period {[]} {[]}
","Time period when id is/was valid for use","Time period during which identifier is/was valid for use.","","","","","","","","","",,,,,"",,,,"Identifier.period",0,1,"","","CX.7 + CX.8","Role.effectiveTime or implied by context","./StartDate and ./EndDate"
"Practitioner.identifier.assigner","","","",0,1,"","","Y","Reference {[]} {[CanonicalType[http://hl7.org/fhir/StructureDefinition/Organization]]}
","Organization that issued id (may be just text)","Organization that issued/manages the identifier.","The Identifier.assigner may omit the .reference element and only contain a .display element reflecting the name or other textual information about the assigning organization.","","","","","","","","",,,,,"",,,,"Identifier.assigner",0,1,"","","CX.4 / (CX.4,CX.9,CX.10)","II.assigningAuthorityName but note that this is an improper use by the definition of the field.  Also Role.scoper","./IdentifierIssuingAuthority"
"Practitioner.identifier","SSIN","","",0,*,"","","Y","Identifier {[]} {[]}
","An identifier for the person as this agent","An identifier that applies to this person in this role.","","Often, specific identities are assigned for the agent.","","","","","","","",,,,,"",,,,"Practitioner.identifier",0,*,"","","PRD-7 (or XCN.1)","./id","./Identifiers","FiveWs.identifier"
"Practitioner.identifier.id","","","",0,1,"","","","string {[]} {[]}
","Unique id for inter-element referencing","Unique id for the element within a resource (for internal references). This may be any string value that does not contain spaces.","","","","","","","","","",,,,,"",,,,"Element.id",0,1,"","","n/a"
"Practitioner.identifier.extension","","extensions
user content","",0,*,"","","","Extension {[]} {[]}
","Additional content defined by implementations","May be used to represent additional information that is not part of the basic definition of the element. To make the use of extensions safe and manageable, there is a strict set of governance  applied to the definition and use of extensions. Though any implementer can define an extension, there is a set of requirements that SHALL be met as part of the definition of the extension.","There can be no stigma associated with the use of extensions by any application, project, or standard - regardless of the institution or jurisdiction that uses or defines the extensions.  The use of extensions is what allows the FHIR specification to retain a core level of simplicity for everyone.","","","","","","","","",,,,,"","value:url}
","Extensions are always sliced by (at least) url",,"open","Element.extension",0,*,"","","n/a"
"Practitioner.identifier.use","","","",0,1,"","Y","Y","code {[]} {[]}
","usual | official | temp | secondary | old (If known)","The purpose of this identifier.","Applications can assume that an identifier is permanent unless it explicitly says that it is temporary.","Allows the appropriate identifier for a particular context of use to be selected from among a set of identifiers.","","","","","","","",,"required","Identifies the purpose for this identifier, if known .","http://hl7.org/fhir/ValueSet/identifier-use|4.0.0","",,,,"Identifier.use",0,1,"","","N/A","Role.code or implied by context"
"Practitioner.identifier.type","","","",0,1,"","","Y","CodeableConcept {[]} {[]}
","Description of identifier","A coded type for the identifier that can be used to determine which identifier to use for a specific purpose.","This element deals only with general categories of identifiers.  It SHOULD not be used for codes that correspond 1..1 with the Identifier.system. Some identifiers may fall into multiple categories due to common usage.   Where the system is known, a type is unnecessary because the type is always part of the system definition. However systems often need to handle identifiers where the system is not known. There is not a 1:1 relationship between type and system, since many different systems have the same type.","Allows users to make use of identifiers when the identifier system is not known.","","","","","","","",,"extensible","A coded type for an identifier that can be used to determine which identifier to use for a specific purpose.","http://hl7.org/fhir/ValueSet/identifier-type","",,,,"Identifier.type",0,1,"","","CX.5","Role.code or implied by context"
"Practitioner.identifier.system","","","",0,1,"","","Y","uri {[]} {[]}
","The namespace for the identifier value","Establishes the namespace for the value - that is, a URL that describes a set values that are unique.","Identifier.system is always case sensitive.","There are many sets  of identifiers.  To perform matching of two identifiers, we need to know what set we're dealing with. The system identifies a particular set of unique identifiers.","","","<valueUri xmlns=""http://hl7.org/fhir"" value=""https://www.ehealth.fgov.be/standards/fhir/NamingSystem/ssin""/>","","<valueUri xmlns=""http://hl7.org/fhir"" value=""http://www.acme.com/identifiers/patient""/>","","",,,,,"",,,,"Identifier.system",0,1,"","","CX.4 / EI-2-4","II.root or Role.id.root","./IdentifierType"
"Practitioner.identifier.value","","","",0,1,"","","Y","string {[]} {[]}
","The value that is unique","The portion of the identifier typically relevant to the user and which is unique within the context of the system.","If the value is a full URI, then the system SHALL be urn:ietf:rfc:3986.  The value's primary purpose is computational mapping.  As a result, it may be normalized for comparison purposes (e.g. removing non-significant whitespace, dashes, etc.)  A value formatted for human display can be conveyed using the [Rendered Value extension](http://hl7.org/fhir/R4/extension-rendered-value.html). Identifier.value is to be treated as case sensitive unless knowledge of the Identifier.system allows the processer to be confident that non-case-sensitive processing is safe.","","","","","","<valueString xmlns=""http://hl7.org/fhir"" value=""123456""/>","","",,,,,"",,,,"Identifier.value",0,1,"","","CX.1 / EI.1","II.extension or II.root if system indicates OID or GUID (Or Role.id.extension or root)","./Value"
"Practitioner.identifier.period","","","",0,1,"","","Y","Period {[]} {[]}
","Time period when id is/was valid for use","Time period during which identifier is/was valid for use.","","","","","","","","","",,,,,"",,,,"Identifier.period",0,1,"","","CX.7 + CX.8","Role.effectiveTime or implied by context","./StartDate and ./EndDate"
"Practitioner.identifier.assigner","","","",0,1,"","","Y","Reference {[]} {[CanonicalType[http://hl7.org/fhir/StructureDefinition/Organization]]}
","Organization that issued id (may be just text)","Organization that issued/manages the identifier.","The Identifier.assigner may omit the .reference element and only contain a .display element reflecting the name or other textual information about the assigning organization.","","","","","","","","",,,,,"",,,,"Identifier.assigner",0,1,"","","CX.4 / (CX.4,CX.9,CX.10)","II.assigningAuthorityName but note that this is an improper use by the definition of the field.  Also Role.scoper","./IdentifierIssuingAuthority"
"Practitioner.identifier","CBE","","",0,*,"","","Y","Identifier {[]} {[]}
","An identifier for the person as this agent","An identifier that applies to this person in this role.","","Often, specific identities are assigned for the agent.","","","","","","","",,,,,"",,,,"Practitioner.identifier",0,*,"","","PRD-7 (or XCN.1)","./id","./Identifiers","FiveWs.identifier"
"Practitioner.identifier.id","","","",0,1,"","","","string {[]} {[]}
","Unique id for inter-element referencing","Unique id for the element within a resource (for internal references). This may be any string value that does not contain spaces.","","","","","","","","","",,,,,"",,,,"Element.id",0,1,"","","n/a"
"Practitioner.identifier.extension","","extensions
user content","",0,*,"","","","Extension {[]} {[]}
","Additional content defined by implementations","May be used to represent additional information that is not part of the basic definition of the element. To make the use of extensions safe and manageable, there is a strict set of governance  applied to the definition and use of extensions. Though any implementer can define an extension, there is a set of requirements that SHALL be met as part of the definition of the extension.","There can be no stigma associated with the use of extensions by any application, project, or standard - regardless of the institution or jurisdiction that uses or defines the extensions.  The use of extensions is what allows the FHIR specification to retain a core level of simplicity for everyone.","","","","","","","","",,,,,"","value:url}
","Extensions are always sliced by (at least) url",,"open","Element.extension",0,*,"","","n/a"
"Practitioner.identifier.use","","","",0,1,"","Y","Y","code {[]} {[]}
","usual | official | temp | secondary | old (If known)","The purpose of this identifier.","Applications can assume that an identifier is permanent unless it explicitly says that it is temporary.","Allows the appropriate identifier for a particular context of use to be selected from among a set of identifiers.","","","","","","","",,"required","Identifies the purpose for this identifier, if known .","http://hl7.org/fhir/ValueSet/identifier-use|4.0.0","",,,,"Identifier.use",0,1,"","","N/A","Role.code or implied by context"
"Practitioner.identifier.type","","","",0,1,"","","Y","CodeableConcept {[]} {[]}
","Description of identifier","A coded type for the identifier that can be used to determine which identifier to use for a specific purpose.","This element deals only with general categories of identifiers.  It SHOULD not be used for codes that correspond 1..1 with the Identifier.system. Some identifiers may fall into multiple categories due to common usage.   Where the system is known, a type is unnecessary because the type is always part of the system definition. However systems often need to handle identifiers where the system is not known. There is not a 1:1 relationship between type and system, since many different systems have the same type.","Allows users to make use of identifiers when the identifier system is not known.","","","","","","","",,"extensible","A coded type for an identifier that can be used to determine which identifier to use for a specific purpose.","http://hl7.org/fhir/ValueSet/identifier-type","",,,,"Identifier.type",0,1,"","","CX.5","Role.code or implied by context"
"Practitioner.identifier.system","","","",0,1,"","","Y","uri {[]} {[]}
","The namespace for the identifier value","Establishes the namespace for the value - that is, a URL that describes a set values that are unique.","Identifier.system is always case sensitive.","There are many sets  of identifiers.  To perform matching of two identifiers, we need to know what set we're dealing with. The system identifies a particular set of unique identifiers.","","","<valueUri xmlns=""http://hl7.org/fhir"" value=""https://www.ehealth.fgov.be/standards/fhir/NamingSystem/cbe""/>","","<valueUri xmlns=""http://hl7.org/fhir"" value=""http://www.acme.com/identifiers/patient""/>","","",,,,,"",,,,"Identifier.system",0,1,"","","CX.4 / EI-2-4","II.root or Role.id.root","./IdentifierType"
"Practitioner.identifier.value","","","",0,1,"","","Y","string {[]} {[]}
","The value that is unique","The portion of the identifier typically relevant to the user and which is unique within the context of the system.","If the value is a full URI, then the system SHALL be urn:ietf:rfc:3986.  The value's primary purpose is computational mapping.  As a result, it may be normalized for comparison purposes (e.g. removing non-significant whitespace, dashes, etc.)  A value formatted for human display can be conveyed using the [Rendered Value extension](http://hl7.org/fhir/R4/extension-rendered-value.html). Identifier.value is to be treated as case sensitive unless knowledge of the Identifier.system allows the processer to be confident that non-case-sensitive processing is safe.","","","","","","<valueString xmlns=""http://hl7.org/fhir"" value=""123456""/>","","",,,,,"",,,,"Identifier.value",0,1,"","","CX.1 / EI.1","II.extension or II.root if system indicates OID or GUID (Or Role.id.extension or root)","./Value"
"Practitioner.identifier.period","","","",0,1,"","","Y","Period {[]} {[]}
","Time period when id is/was valid for use","Time period during which identifier is/was valid for use.","","","","","","","","","",,,,,"",,,,"Identifier.period",0,1,"","","CX.7 + CX.8","Role.effectiveTime or implied by context","./StartDate and ./EndDate"
"Practitioner.identifier.assigner","","","",0,1,"","","Y","Reference {[]} {[CanonicalType[http://hl7.org/fhir/StructureDefinition/Organization]]}
","Organization that issued id (may be just text)","Organization that issued/manages the identifier.","The Identifier.assigner may omit the .reference element and only contain a .display element reflecting the name or other textual information about the assigning organization.","","","","","","","","",,,,,"",,,,"Identifier.assigner",0,1,"","","CX.4 / (CX.4,CX.9,CX.10)","II.assigningAuthorityName but note that this is an improper use by the definition of the field.  Also Role.scoper","./IdentifierIssuingAuthority"
"Practitioner.active","","","",0,1,"","","Y","boolean {[]} {[]}
","Whether this practitioner's record is in active use","Whether this practitioner's record is in active use.","If the practitioner is not in use by one organization, then it should mark the period on the PractitonerRole with an end date (even if they are active) as they may be active in another role.","Need to be able to mark a practitioner record as not to be used because it was created in error.","","This resource is generally assumed to be active if no value is provided for the active element","","","","","",,,,,"",,,,"Practitioner.active",0,1,"","","./statusCode","FiveWs.status"
"Practitioner.name","","","",1,*,"","","Y","HumanName {[]} {[]}
","The name(s) associated with the practitioner","The name(s) associated with the practitioner.","The selection of the use property should ensure that there is a single usual name specified, and others use the nickname (alias), old, or other values as appropriate.  In general, select the value to be used in the ResourceReference.display based on this:1. There is more than 1 name2. Use = usual3. Period is current to the date of the usage4. Use = official5. Other order as decided by internal business rules.","The name(s) that a Practitioner is known by. Where there are multiple, the name that the practitioner is usually known as should be used in the display.","","","","","","","",,,,,"",,,,"Practitioner.name",0,*,"","","XCN Components","./name","./PreferredName (GivenNames, FamilyName, TitleCode)"
"Practitioner.telecom","","","",0,*,"","","Y","ContactPoint {[]} {[]}
","A contact detail for the practitioner (that apply to all roles)","A contact detail for the practitioner, e.g. a telephone number or an email address.","Person may have multiple ways to be contacted with different uses or applicable periods.  May need to have options for contacting the person urgently and to help with identification.  These typically will have home numbers, or mobile numbers that are not role specific.","Need to know how to reach a practitioner independent to any roles the practitioner may have.","","","","","","","",,,,,"",,,,"Practitioner.telecom",0,*,"","","PRT-15, STF-10, ROL-12","./telecom","./ContactPoints"
"Practitioner.address","","","",0,*,"","","Y","Address {[]} {[]}
","Address(es) of the practitioner that are not role specific (typically home address)","Address(es) of the practitioner that are not role specific (typically home address). Work addresses are not typically entered in this property as they are usually role dependent.","The PractitionerRole does not have an address value on it, as it is expected that the location property be used for this purpose (which has an address).","The home/mailing address of the practitioner is often required for employee administration purposes, and also for some rostering services where the start point (practitioners home) can be used in calculations.","","","","","","","",,,,,"",,,,"Practitioner.address",0,*,"","","ORC-24, STF-11, ROL-11, PRT-14","./addr","./Addresses"
"Practitioner.address.id","","","",0,1,"","","","string {[]} {[]}
","Unique id for inter-element referencing","Unique id for the element within a resource (for internal references). This may be any string value that does not contain spaces.","","","","","","","","","",,,,,"",,,,"Element.id",0,1,"","","n/a"
"Practitioner.address.extension","","","",0,*,"","","","Extension {[]} {[]}
","Extension","An Extension","","","","","","","","","",,,,,"","value:url}
","Extensions are always sliced by (at least) url",,"open","Element.extension",0,*,"",""
"Practitioner.address.extension","language","","",0,*,"","","","Extension {[CanonicalType[http://hl7.org/fhir/StructureDefinition/language]]} {[]}
","Human Language for the item","The Human Language of the item.","This is used where an item may repeat to indicate the language of each repeat.","","","","","","","","",,,,,"",,,,"Element.extension",0,*,"",""
"Practitioner.address.extension.id","","","",0,1,"","","","string {[]} {[]}
","Unique id for inter-element referencing","Unique id for the element within a resource (for internal references). This may be any string value that does not contain spaces.","","","","","","","","","",,,,,"",,,,"Element.id",0,1,"","","n/a"
"Practitioner.address.extension.extension","","","",0,0,"","","","Extension {[]} {[]}
","Extension","An Extension","","","","","","","","","",,,,,"","value:url}
","Extensions are always sliced by (at least) url",,"open","Element.extension",0,*,"",""
"Practitioner.address.extension.url","","","",1,1,"","","","uri {[]} {[]}
","identifies the meaning of the extension","Source of the definition for the extension code - a logical name or a URL.","The definition may point directly to a computable or human-readable definition of the extensibility codes, or it may be a logical URI as declared in some other specification. The definition SHALL be a URI for the Structure Definition defining the extension.","","","","<valueUri xmlns=""http://hl7.org/fhir"" value=""http://hl7.org/fhir/StructureDefinition/language""/>","","","","",,,,,"",,,,"Extension.url",1,1,"","","N/A"
"Practitioner.address.extension.valueCode","","","",0,1,"","","","code {[]} {[]}
","Value of extension","Value of extension - must be one of a constrained set of the data types (see [Extensibility](http://hl7.org/fhir/R4/extensibility.html) for a list).","","","","","","","","","",,"preferred","A human language.","http://hl7.org/fhir/ValueSet/languages","",,,,"Extension.value[x]",0,1,"","","N/A"
"Practitioner.address.use","","","",0,1,"","Y","Y","code {[]} {[]}
","home | work | temp | old | billing - purpose of this address","The purpose of this address.","Applications can assume that an address is current unless it explicitly says that it is temporary or old.","Allows an appropriate address to be chosen from a list of many.","","","","","<valueCode xmlns=""http://hl7.org/fhir"" value=""home""/>","","",,"required","The use of an address.","http://hl7.org/fhir/ValueSet/address-use|4.0.0","",,,,"Address.use",0,1,"","","XAD.7","unique(./use)","./AddressPurpose"
"Practitioner.address.type","","","",0,1,"","","Y","code {[]} {[]}
","postal | physical | both","Distinguishes between physical addresses (those you can visit) and mailing addresses (e.g. PO Boxes and care-of addresses). Most addresses are both.","The definition of Address states that ""address is intended to describe postal addresses, not physical locations"". However, many applications track whether an address has a dual purpose of being a location that can be visited as well as being a valid delivery destination, and Postal addresses are often used as proxies for physical locations (also see the [Location](http://hl7.org/fhir/R4/location.html#) resource).","","","","","","<valueCode xmlns=""http://hl7.org/fhir"" value=""both""/>","","",,"required","The type of an address (physical / postal).","http://hl7.org/fhir/ValueSet/address-type|4.0.0","",,,,"Address.type",0,1,"","","XAD.18","unique(./use)"
"Practitioner.address.text","","","",0,1,"","","Y","string {[]} {[]}
","Text representation of the address","Specifies the entire address as it should be displayed e.g. on a postal label. This may be provided instead of or as well as the specific parts.","Can provide both a text representation and parts. Applications updating an address SHALL ensure that  when both text and parts are present,  no content is included in the text that isn't found in a part.","A renderable, unencoded form.","","","","","<valueString xmlns=""http://hl7.org/fhir"" value=""137 Nowhere Street, Erewhon 9132""/>","","",,,,,"",,,,"Address.text",0,1,"","","XAD.1 + XAD.2 + XAD.3 + XAD.4 + XAD.5 + XAD.6","./formatted"
"Practitioner.address.line","","","",0,*,"","","Y","string {[]} {[]}
","Street name, number, direction & P.O. Box etc.","This component contains the house number, apartment number, street name, street direction,  P.O. Box number, delivery hints, and similar address information.","","","","","","","<valueString xmlns=""http://hl7.org/fhir"" value=""137 Nowhere Street""/>","","",,,,,"",,,,"Address.line",0,*,"","","XAD.1 + XAD.2 (note: XAD.1 and XAD.2 have different meanings for a company address than for a person address)","AD.part[parttype = AL]","./StreetAddress (newline delimitted)"
"Practitioner.address.city","","Municpality
","",0,1,"","","Y","string {[]} {[]}
","Name of city, town etc.","The name of the city, town, suburb, village or other community or delivery center.","","","","","","","<valueString xmlns=""http://hl7.org/fhir"" value=""Erewhon""/>","","",,,,,"",,,,"Address.city",0,1,"","","XAD.3","AD.part[parttype = CTY]","./Jurisdiction"
"Practitioner.address.district","","County
","",0,1,"","","Y","string {[]} {[]}
","District name (aka county)","The name of the administrative area (county).","District is sometimes known as county, but in some regions 'county' is used in place of city (municipality), so county name should be conveyed in city instead.","","","","","","<valueString xmlns=""http://hl7.org/fhir"" value=""Madison""/>","","",,,,,"",,,,"Address.district",0,1,"","","XAD.9","AD.part[parttype = CNT | CPA]"
"Practitioner.address.state","","Province
Territory","",0,1,"","","Y","string {[]} {[]}
","Sub-unit of country (abbreviations ok)","Sub-unit of a country with limited sovereignty in a federally organized country. A code may be used if codes are in common use (e.g. US 2 letter state codes).","","","","","","","","","",,,,,"",,,,"Address.state",0,1,"","","XAD.4","AD.part[parttype = STA]","./Region"
"Practitioner.address.postalCode","","Zip
","",0,1,"","","Y","string {[]} {[]}
","Postal code for area","A postal code designating a region defined by the postal service.","","","","","","","<valueString xmlns=""http://hl7.org/fhir"" value=""9132""/>","","",,,,,"",,,,"Address.postalCode",0,1,"","","XAD.5","AD.part[parttype = ZIP]","./PostalIdentificationCode"
"Practitioner.address.country","","","",0,1,"","","Y","string {[]} {[]}
","Country (e.g. can be ISO 3166 2 or 3 letter code)","Country - a nation as commonly understood or generally accepted.","ISO 3166 3 letter codes can be used in place of a human readable country name.","","","","","","","","",,,,,"",,,,"Address.country",0,1,"","","XAD.6","AD.part[parttype = CNT]","./Country"
"Practitioner.address.period","","","",0,1,"","","Y","Period {[]} {[]}
","Time period when address was/is in use","Time period when address was/is in use.","","Allows addresses to be placed in historical context.","","","","","<valuePeriod xmlns=""http://hl7.org/fhir"">
  <start value=""2010-03-23T00:00:00+01:00""/>
  <end value=""2010-07-01T00:00:00+02:00""/>
</valuePeriod>","","",,,,,"",,,,"Address.period",0,1,"","","XAD.12 / XAD.13 + XAD.14","./usablePeriod[type=""IVL<TS>""]","./StartDate and ./EndDate"
"Practitioner.gender","","","",0,1,"","","Y","code {[]} {[]}
","male | female | other | unknown","Administrative Gender - the gender that the person is considered to have for administration and record keeping purposes.","","Needed to address the person correctly.","","","","","","","",,"required","The gender of a person used for administrative purposes.","http://hl7.org/fhir/ValueSet/administrative-gender|4.0.0","",,,,"Practitioner.gender",0,1,"","","STF-5","./administrativeGender","./GenderCode"
"Practitioner.birthDate","","","",0,1,"","","Y","date {[]} {[]}
","The date  on which the practitioner was born","The date of birth for the practitioner.","","Needed for identification.","","","","","","","",,,,,"",,,,"Practitioner.birthDate",0,1,"","","STF-6","./birthTime","(not represented in ServD)"
"Practitioner.photo","","","",0,*,"","","","Attachment {[]} {[]}
","Image of the person","Image of the person.","","Many EHR systems have the capability to capture an image of patients and personnel. Fits with newer social media usage too.","","","","","","","",,,,,"",,,,"Practitioner.photo",0,*,"","","./subjectOf/ObservationEvent[code=""photo""]/value","./ImageURI (only supports the URI reference)"
"Practitioner.qualification","","","",0,*,"","","","BackboneElement {[]} {[]}
","Certification, licenses, or training pertaining to the provision of care","The official certifications, training, and licenses that authorize or otherwise pertain to the provision of care by the practitioner.  For example, a medical license issued by a medical board authorizing the practitioner to practice medicine within a certian locality.","","","","","","","","","",,,,,"",,,,"Practitioner.qualification",0,*,"","ele-1:All FHIR elements must have a @value or children {hasValue() or (children().count() > id.count())}
","CER?",".playingEntity.playingRole[classCode=QUAL].code","./Qualifications"
"Practitioner.qualification.id","","","",0,1,"","","","string {[]} {[]}
","Unique id for inter-element referencing","Unique id for the element within a resource (for internal references). This may be any string value that does not contain spaces.","","","","","","","","","",,,,,"",,,,"Element.id",0,1,"","","n/a"
"Practitioner.qualification.extension","","extensions
user content","",0,*,"","","","Extension {[]} {[]}
","Additional content defined by implementations","May be used to represent additional information that is not part of the basic definition of the element. To make the use of extensions safe and manageable, there is a strict set of governance  applied to the definition and use of extensions. Though any implementer can define an extension, there is a set of requirements that SHALL be met as part of the definition of the extension.","There can be no stigma associated with the use of extensions by any application, project, or standard - regardless of the institution or jurisdiction that uses or defines the extensions.  The use of extensions is what allows the FHIR specification to retain a core level of simplicity for everyone.","","","","","","","","",,,,,"",,,,"Element.extension",0,*,"","","n/a"
"Practitioner.qualification.modifierExtension","","extensions
user contentmodifiers","",0,*,"","Y","Y","Extension {[]} {[]}
","Extensions that cannot be ignored even if unrecognized","May be used to represent additional information that is not part of the basic definition of the element and that modifies the understanding of the element in which it is contained and/or the understanding of the containing element's descendants. Usually modifier elements provide negation or qualification. To make the use of extensions safe and manageable, there is a strict set of governance applied to the definition and use of extensions. Though any implementer can define an extension, there is a set of requirements that SHALL be met as part of the definition of the extension. Applications processing a resource are required to check for modifier extensions.

Modifier extensions SHALL NOT change the meaning of any elements on Resource or DomainResource (including cannot change the meaning of modifierExtension itself).","There can be no stigma associated with the use of extensions by any application, project, or standard - regardless of the institution or jurisdiction that uses or defines the extensions.  The use of extensions is what allows the FHIR specification to retain a core level of simplicity for everyone.","Modifier extensions allow for extensions that *cannot* be safely ignored to be clearly distinguished from the vast majority of extensions which can be safely ignored.  This promotes interoperability by eliminating the need for implementers to prohibit the presence of extensions. For further information, see the [definition of modifier extensions](http://hl7.org/fhir/R4/extensibility.html#modifierExtension).","","","","","","","",,,,,"",,,,"BackboneElement.modifierExtension",0,*,"","","N/A"
"Practitioner.qualification.identifier","","","",0,*,"","","","Identifier {[]} {[]}
","An identifier for this qualification for the practitioner","An identifier that applies to this person's qualification in this role.","","Often, specific identities are assigned for the qualification.","","","","","","","",,,,,"",,,,"Practitioner.qualification.identifier",0,*,"","",".playingEntity.playingRole[classCode=QUAL].id"
"Practitioner.qualification.code","","","",1,1,"","","","CodeableConcept {[]} {[]}
","Coded representation of the qualification","Coded representation of the qualification.","","","","","","","","","",,"example","Specific qualification the practitioner has to provide a service.","http://terminology.hl7.org/ValueSet/v2-2.7-0360","",,,,"Practitioner.qualification.code",1,1,"","",".playingEntity.playingRole[classCode=QUAL].code","./Qualifications.Value"
"Practitioner.qualification.period","","","",0,1,"","","","Period {[]} {[]}
","Period during which the qualification is valid","Period during which the qualification is valid.","","Qualifications are often for a limited period of time, and can be revoked.","","","","","","","",,,,,"",,,,"Practitioner.qualification.period",0,1,"","",".playingEntity.playingRole[classCode=QUAL].effectiveTime","./Qualifications.StartDate and ./Qualifications.EndDate"
"Practitioner.qualification.issuer","","","",0,1,"","","","Reference {[]} {[CanonicalType[http://hl7.org/fhir/StructureDefinition/Organization]]}
","Organization that regulates and issues the qualification","Organization that regulates and issues the qualification.","","","","","","","","","",,,,,"",,,,"Practitioner.qualification.issuer",0,1,"","",".playingEntity.playingRole[classCode=QUAL].scoper"
"Practitioner.communication","","","",0,*,"","","","CodeableConcept {[]} {[]}
","A language the practitioner can use in patient communication","A language the practitioner can use in patient communication.","The structure aa-BB with this exact casing is one the most widely used notations for locale. However not all systems code this but instead have it as free text. Hence CodeableConcept instead of code as the data type.","Knowing which language a practitioner speaks can help in facilitating communication with patients.","","","","","","","",,"preferred","A human language.","http://hl7.org/fhir/ValueSet/languages","",,,,"Practitioner.communication",0,*,"","","PID-15, NK1-20, LAN-2","./languageCommunication","./Languages.LanguageSpokenCode"
