<?xml version="1.0" encoding="UTF-8"?>

<CareTeam xmlns="http://hl7.org/fhir">
  <id value="dzop-team-0002"/>
  <meta>
    <versionId value="3"/>
  </meta>
  <text>
    <status value="generated"/><div xmlns="http://www.w3.org/1999/xhtml"><p><b>Generated Narrative with Details</b></p><p><b>id</b>: dzop-team-0002</p><p><b>meta</b>: </p><p><b>identifier</b>: DZOP-Pia-2020001</p><p><b>status</b>: active</p><p><b>category</b>: Home &amp; Community Based Services (HCBS)-focused care team <span style="background: LightGoldenRodYellow">(Details : {LOINC code 'LA28866-4' = 'Home &amp; Community Based Services (HCBS)-focused care team', given as 'Home &amp; Community Based Services (HCBS)-focused care team'})</span></p><p><b>name</b>: Pia's 2020 Care Team for post-op care</p><p><b>subject</b>: <a href="{{[type]}}-{{[id]}}.html">Pia. Generated Summary: id: pia; Pia </a></p><p><b>period</b>: ?? --&gt; 01-Jan-2013 00:00:00</p><blockquote><p><b>participant</b></p><p><b>role</b>: care-coordinator <span style="background: LightGoldenRodYellow">(Details )</span></p><p><b>member</b>: <a href="{{[type]}}-{{[id]}}.html">Dr Dragon. Generated Summary: id: dragon; Dragon </a></p></blockquote><blockquote><p><b>participant</b></p><p><b>role</b>: welfare-actor <span style="background: LightGoldenRodYellow">(Details )</span></p><p><b>member</b>: <a href="Practitioner/christa">Caregiver Christa</a></p></blockquote><blockquote><p><b>participant</b></p><p><b>role</b>: healthcare-actor <span style="background: LightGoldenRodYellow">(Details )</span></p><p><b>member</b>: <a href="Practitioner/nathalie">Nurse Nathalie</a></p></blockquote><blockquote><p><b>participant</b></p><p><b>role</b>: informal care actor <span style="background: LightGoldenRodYellow">(Details )</span></p><p><b>member</b>: <a href="RelatedPerson/dina">Dina (daughter)</a></p><p><b>period</b>: ?? --&gt; 01-Jan-2013 00:00:00</p></blockquote><blockquote><p><b>participant</b></p><p><b>role</b>: welfare-actor <span style="background: LightGoldenRodYellow">(Details )</span></p><p><b>member</b>: <a href="Organization/diensten-gent">Lokaal dienstencentrum Gen</a></p></blockquote><p><b>managingOrganization</b>: <a href="Organization/dzop">Organization/dzop</a></p></div>
  </text>
  <identifier>
    <value value="DZOP-Pia-2020001"/>
  </identifier>
  <status value="active"/>
  <category>
    <coding>
      <system value="http://loinc.org"/>
      <code value="LA28866-4"/>
      <display value="Home &amp; Community Based Services (HCBS)-focused care team"/>
    </coding>
  </category>
  <name value="Pia&#39;s 2020 Care Team for post-op care"/>
  <subject>
    <reference value="Patient/pia"/>
    <display value="Pia"/>
  </subject>
  <period>
    <end value="2013-01-01"/>
  </period>
  <participant>
    <role>
      <text value="care-coordinator"/>
    </role>
    <member>
      <reference value="Practitioner/dragon"/>
      <display value="Dr Dragon"/>
    </member>
  </participant>
  <participant>
    <role>
      <text value="welfare-actor"/>
    </role>
    <member>
      <reference value="Practitioner/christa"/>
      <display value="Caregiver Christa"/>
    </member>
  </participant>
  <participant>
    <role>
      <text value="healthcare-actor"/>
    </role>
    <member>
      <reference value="Practitioner/nathalie"/>
      <display value="Nurse Nathalie"/>
    </member>
  </participant>
  <participant>
    <role>
      <text value="informal care actor"/>
    </role>
    <member>
      <reference value="RelatedPerson/dina"/>
      <display value="Dina (daughter)"/>
    </member>
    <period>
      <end value="2013-01-01"/>
    </period>
  </participant>
  <participant>
    <role>
      <text value="welfare-actor"/>
    </role>
    <member>
      <reference value="Organization/diensten-gent"/>
      <display value="Lokaal dienstencentrum Gen"/>
    </member>
  </participant>
  <managingOrganization>
    <reference value="Organization/dzop"/>
  </managingOrganization>
</CareTeam>