<?xml version="1.0" encoding="UTF-8"?>

<Condition xmlns="http://hl7.org/fhir">
  <id value="pia-diabetes"/>
  <text>
    <status value="generated"/><div xmlns="http://www.w3.org/1999/xhtml"><p><b>Generated Narrative with Details</b></p><p><b>id</b>: pia-diabetes</p><p><b>code</b>: Diabetes <span style="background: LightGoldenRodYellow">(Details : {[not stated] code 'xxxxxxxxxx' = 'xxxxxxxxxx)</span></p><p><b>subject</b>: <a href="{{[type]}}-{{[id]}}.html">Pia. Generated Summary: id: pia; Pia ; gender: female</a></p></div>
  </text>
  <code>
    <coding>
      <code value="xxxxxxxxxx"/>
    </coding>
    <text value="Diabetes"/>
  </code>
  <subject>
    <reference value="Patient/pia"/>
    <display value="Pia"/>
  </subject>
</Condition>