{
  "resourceType": "Communication",
  "id": "be.comm5.2",
  "meta": {
    "profile": [
      "https://www.ehealth.fgov.be/standards/fhir/StructureDefinition/be-communication"
    ]
  },
  "language": "nl-BE",
  "text": {
    "status": "generated",
    "div": "<div xmlns=\"http://www.w3.org/1999/xhtml\"><p><b>Generated Narrative with Details</b></p><p><b>id</b>: be.comm5.2</p><p><b>meta</b>: </p><p><b>language</b>: nl-BE</p><p><b>identifier</b>: d0000000-0000-0000-0000-000000000008</p><p><b>basedOn</b>: </p><ul><li><a href=\"{{[type]}}-{{[id]}}.html\">Generated Summary: id: be.comm5.1; language: nl-BE; d0000000-0000-0000-0000-000000000007; status: completed; <span title=\"Codes: \">notification</span>; sent: 11-Nov-2019 10:00:01</a></li><li>be.comm5.1</li></ul><p><b>status</b>: completed</p><p><b>category</b>: notification <span style=\"background: LightGoldenRodYellow\">(Details : {[not stated] code 'notification' = 'notification)</span></p><p><b>subject</b>: <a href=\"{{[type]}}-{{[id]}}.html\">peter. Generated Summary: id: peter; Social Beneficiary Identifier = 79121137740 (OFFICIAL); active; Peter Patient (OFFICIAL); gender: male; birthDate: 1979-12-11; <span title=\"Codes: {http://terminology.hl7.org/CodeSystem/v3-MaritalStatus D}\">Divorced</span></a></p><p><b>sent</b>: 11-Nov-2019 10:01:01</p><p><b>recipient</b>: <a href=\"CareTeam/doctors\">Doctors</a></p><p><b>sender</b>: <a href=\"Practitioner/david\">David</a></p><blockquote><p><b>payload</b></p><p><b>content</b>: Wound is recovering today</p></blockquote><blockquote><p><b>payload</b></p><p><b>content</b>: <a href=\"Binary/photo1\">Photo1</a></p></blockquote></div>"
  },
  "identifier": [
    {
      "system": "http://www.dzop.be/archive/communication",
      "value": "d0000000-0000-0000-0000-000000000008"
    }
  ],
  "basedOn": [
    {
      "reference": "Communication/be.comm5.1"
    },
    {
      "display": "be.comm5.1"
    }
  ],
  "status": "completed",
  "category": [
    {
      "coding": [
        {
          "code": "notification"
        }
      ]
    }
  ],
  "subject": {
    "reference": "Patient/peter",
    "display": "peter"
  },
  "sent": "2019-11-11T10:01:01+01:00",
  "recipient": [
    {
      "reference": "CareTeam/doctors",
      "display": "Doctors"
    }
  ],
  "sender": {
    "reference": "Practitioner/david",
    "display": "David"
  },
  "payload": [
    {
      "contentString": "Wound is recovering today"
    },
    {
      "contentReference": {
        "reference": "Binary/photo1",
        "display": "Photo1"
      }
    }
  ]
}