{
  "resourceType": "Condition",
  "id": "pia-loneliness",
  "text": {
    "status": "generated",
    "div": "<div xmlns=\"http://www.w3.org/1999/xhtml\"><p><b>Generated Narrative with Details</b></p><p><b>id</b>: pia-loneliness</p><p><b>code</b>: Loneliness <span style=\"background: LightGoldenRodYellow\">(Details : {[not stated] code 'xxxxxxxxxx' = 'xxxxxxxxxx)</span></p><p><b>subject</b>: <a href=\"{{[type]}}-{{[id]}}.html\">Pia. Generated Summary: id: pia; Pia </a></p></div>"
  },
  "code": {
    "coding": [
      {
        "code": "xxxxxxxxxx"
      }
    ],
    "text": "Loneliness"
  },
  "subject": {
    "reference": "Patient/pia",
    "display": "Pia"
  }
}